ID	Human_P01308	Rat2_P01323	Sheep_P01318	Cat_P06306	Mouse_Ins1_P01325	Zebrafish_O73727	Xenopus_XP_041425543	Rabbit_P01311	Pig_P01315
Human_P01308	0.0000	0.1545	0.1870	0.1707	0.1951	0.4715	0.5203	0.1382	0.1789
Rat2_P01323	0.1545	0.0000	0.2195	0.2358	0.0976	0.4959	0.5366	0.1789	0.2358
Sheep_P01318	0.1870	0.2195	0.0000	0.2114	0.2602	0.4959	0.5447	0.2358	0.2114
Cat_P06306	0.1707	0.2358	0.2114	0.0000	0.2602	0.4634	0.5366	0.1951	0.2276
Mouse_Ins1_P01325	0.1951	0.0976	0.2602	0.2602	0.0000	0.4959	0.5447	0.2033	0.2520
Zebrafish_O73727	0.4715	0.4959	0.4959	0.4634	0.4959	0.0000	0.5203	0.4715	0.5041
Xenopus_XP_041425543	0.5203	0.5366	0.5447	0.5366	0.5447	0.5203	0.0000	0.5203	0.5610
Rabbit_P01311	0.1382	0.1789	0.2358	0.1951	0.2033	0.4715	0.5203	0.0000	0.2439
Pig_P01315	0.1789	0.2358	0.2114	0.2276	0.2520	0.5041	0.5610	0.2439	0.0000
